<PAMDataset>
  <PAMRasterBand band="1">
    <Histograms>
      <HistItem>
        <HistMin>0.5714285714285714</HistMin>
        <HistMax>7.428571428571429</HistMax>
        <BucketCount>7</BucketCount>
        <IncludeOutOfRange>0</IncludeOutOfRange>
        <Approximate>1</Approximate>
        <HistCounts>2845|1505|875|2608|1793|1438|16993</HistCounts>
      </HistItem>
    </Histograms>
    <Metadata>
      <MDI key="STATISTICS_MAXIMUM">7</MDI>
      <MDI key="STATISTICS_MEAN">5.5407206757672</MDI>
      <MDI key="STATISTICS_MINIMUM">1</MDI>
      <MDI key="STATISTICS_STDDEV">2.1223552978048</MDI>
    </Metadata>
  </PAMRasterBand>
</PAMDataset>
